-- MySQL Script generated by MySQL Workbench
-- Wed Oct  7 18:13:39 2020
-- Model: New Model    Version: 1.0
-- MySQL Workbench Forward Engineering

SET @OLD_UNIQUE_CHECKS=@@UNIQUE_CHECKS, UNIQUE_CHECKS=0;
SET @OLD_FOREIGN_KEY_CHECKS=@@FOREIGN_KEY_CHECKS, FOREIGN_KEY_CHECKS=0;
SET @OLD_SQL_MODE=@@SQL_MODE, SQL_MODE='TRADITIONAL,ALLOW_INVALID_DATES';

-- -----------------------------------------------------
-- Schema tdb17c
-- -----------------------------------------------------
DROP SCHEMA IF EXISTS `tdb17c` ;

-- -----------------------------------------------------
-- Schema tdb17c
-- -----------------------------------------------------
CREATE SCHEMA IF NOT EXISTS `tdb17c` DEFAULT CHARACTER SET utf8 ;
SHOW WARNINGS;
USE `tdb17c` ;

-- -----------------------------------------------------
-- Table `tdb17c`.`petstore`
-- -----------------------------------------------------
DROP TABLE IF EXISTS `tdb17c`.`petstore` ;

SHOW WARNINGS;
CREATE TABLE IF NOT EXISTS `tdb17c`.`petstore` (
  `pst_id` INT UNSIGNED NOT NULL AUTO_INCREMENT,
  `pst_name` VARCHAR(45) NOT NULL,
  `pst_street` VARCHAR(45) NOT NULL,
  `pst_city` VARCHAR(45) NOT NULL,
  `pst_state` CHAR(2) NOT NULL,
  `pst_zip` INT(9) NOT NULL,
  `pst_phone` BIGINT NOT NULL,
  `pst_email` VARCHAR(45) NOT NULL,
  `pst_url` VARCHAR(45) NOT NULL,
  `pst_ytd_sales` DECIMAL(10,2) NOT NULL,
  `pst_notes` VARCHAR(255) NULL,
  PRIMARY KEY (`pst_id`))
ENGINE = InnoDB
ROW_FORMAT = Default;

SHOW WARNINGS;

-- -----------------------------------------------------
-- Table `tdb17c`.`customer`
-- -----------------------------------------------------
DROP TABLE IF EXISTS `tdb17c`.`customer` ;

SHOW WARNINGS;
CREATE TABLE IF NOT EXISTS `tdb17c`.`customer` (
  `cus_id` INT UNSIGNED NOT NULL AUTO_INCREMENT,
  `cus_fname` VARCHAR(45) NOT NULL,
  `cus_lname` VARCHAR(45) NOT NULL,
  `cus_street` VARCHAR(45) NOT NULL,
  `cus_city` VARCHAR(45) NOT NULL,
  `cus_state` CHAR(2) NOT NULL,
  `cus_zip` INT NOT NULL,
  `cus_phone` BIGINT NOT NULL,
  `cus_email` VARCHAR(45) NOT NULL,
  `cus_balance` DECIMAL(8,2) NOT NULL,
  `cus_total_sales` DECIMAL(8,2) NOT NULL,
  `cus_notes` VARCHAR(255) NULL,
  PRIMARY KEY (`cus_id`))
ENGINE = InnoDB;

SHOW WARNINGS;

-- -----------------------------------------------------
-- Table `tdb17c`.`pet`
-- -----------------------------------------------------
DROP TABLE IF EXISTS `tdb17c`.`pet` ;

SHOW WARNINGS;
CREATE TABLE IF NOT EXISTS `tdb17c`.`pet` (
  `pet_id` INT UNSIGNED NOT NULL AUTO_INCREMENT,
  `pst_id` INT UNSIGNED NOT NULL,
  `cus_id` INT UNSIGNED NULL,
  `pet_sex` ENUM('m', 'f') NOT NULL,
  `pet_type` VARCHAR(45) NOT NULL,
  `pet_cost` DECIMAL(6,2) NOT NULL,
  `pet_price` DECIMAL(6,2) NOT NULL,
  `pet_age` TINYINT NOT NULL,
  `pet_color` VARCHAR(45) NOT NULL,
  `pet_sale_date` DATE NOT NULL,
  `pet_vaccine` ENUM('y', 'n') NOT NULL,
  `pet_neuter` ENUM('y', 'n') NOT NULL,
  `pet_notes` VARCHAR(255) NULL,
  PRIMARY KEY (`pet_id`),
  INDEX `fk_pet_petstore_idx` (`pst_id` ASC),
  INDEX `fk_pet_customer1_idx` (`cus_id` ASC),
  CONSTRAINT `fk_pet_petstore`
    FOREIGN KEY (`pst_id`)
    REFERENCES `tdb17c`.`petstore` (`pst_id`)
    ON DELETE NO ACTION
    ON UPDATE CASCADE,
  CONSTRAINT `fk_pet_customer1`
    FOREIGN KEY (`cus_id`)
    REFERENCES `tdb17c`.`customer` (`cus_id`)
    ON DELETE NO ACTION
    ON UPDATE NO ACTION)
ENGINE = InnoDB;

SHOW WARNINGS;

SET SQL_MODE=@OLD_SQL_MODE;
SET FOREIGN_KEY_CHECKS=@OLD_FOREIGN_KEY_CHECKS;
SET UNIQUE_CHECKS=@OLD_UNIQUE_CHECKS;

-- -----------------------------------------------------
-- Data for table `tdb17c`.`petstore`
-- -----------------------------------------------------
START TRANSACTION;
USE `tdb17c`;
INSERT INTO `tdb17c`.`petstore` (`pst_id`, `pst_name`, `pst_street`, `pst_city`, `pst_state`, `pst_zip`, `pst_phone`, `pst_email`, `pst_url`, `pst_ytd_sales`, `pst_notes`) VALUES (01, 'Pets R Us', '11129 Test Rd.', 'Talahassee ', 'FL', 23143, 123456867, 'ABC@gmail.com', 'ww.petsrus.com', 12345.33, NULL);
INSERT INTO `tdb17c`.`petstore` (`pst_id`, `pst_name`, `pst_street`, `pst_city`, `pst_state`, `pst_zip`, `pst_phone`, `pst_email`, `pst_url`, `pst_ytd_sales`, `pst_notes`) VALUES (02, 'WantaPet', '11234 Collen St.', 'Jacksonville', 'FL', 32435, 44432143, 'free@yahoo.com', 'www.wantapet.com', 23412.33, NULL);
INSERT INTO `tdb17c`.`petstore` (`pst_id`, `pst_name`, `pst_street`, `pst_city`, `pst_state`, `pst_zip`, `pst_phone`, `pst_email`, `pst_url`, `pst_ytd_sales`, `pst_notes`) VALUES (03, 'GetaPet', '23456 Rockers St.', 'Miami', 'FL', 46432, 948532345, 'hello@gmail.com', 'www.getapet.com', 32123.44, NULL);
INSERT INTO `tdb17c`.`petstore` (`pst_id`, `pst_name`, `pst_street`, `pst_city`, `pst_state`, `pst_zip`, `pst_phone`, `pst_email`, `pst_url`, `pst_ytd_sales`, `pst_notes`) VALUES (04, 'Petco', '34567 Johns St.', 'Orlando', 'FL', 65049, 765438435, 'done@gmail.com', 'www.petco.com', 4455444.44, NULL);
INSERT INTO `tdb17c`.`petstore` (`pst_id`, `pst_name`, `pst_street`, `pst_city`, `pst_state`, `pst_zip`, `pst_phone`, `pst_email`, `pst_url`, `pst_ytd_sales`, `pst_notes`) VALUES (05, 'Petmart', '54321 Delfin St.', 'Atlanta', 'GA', 34213, 808489591, 'say@gmail.com', 'www.petsmart.com', 4431334.66, NULL);
INSERT INTO `tdb17c`.`petstore` (`pst_id`, `pst_name`, `pst_street`, `pst_city`, `pst_state`, `pst_zip`, `pst_phone`, `pst_email`, `pst_url`, `pst_ytd_sales`, `pst_notes`) VALUES (06, 'Pets4Sale', '34232 Avenies Rd.', 'New Orleans', 'LU', 86542, 432845324, 'something@gmail.com', 'pets4sale.com', 121212.12, NULL);
INSERT INTO `tdb17c`.`petstore` (`pst_id`, `pst_name`, `pst_street`, `pst_city`, `pst_state`, `pst_zip`, `pst_phone`, `pst_email`, `pst_url`, `pst_ytd_sales`, `pst_notes`) VALUES (07, 'CutePets', '45432 Rodgers St.', 'Talahassee', 'FA', 46532, 904948394, 'idare@gmail.com', 'cutepets.com', 232323.23, NULL);
INSERT INTO `tdb17c`.`petstore` (`pst_id`, `pst_name`, `pst_street`, `pst_city`, `pst_state`, `pst_zip`, `pst_phone`, `pst_email`, `pst_url`, `pst_ytd_sales`, `pst_notes`) VALUES (08, 'Animal King', '93842 Saphire St.', 'Jacksonville', 'FA', 86948, 904938495, 'youtoo@yahoo.com', 'www.animalking.com', 3434343.34, NULL);
INSERT INTO `tdb17c`.`petstore` (`pst_id`, `pst_name`, `pst_street`, `pst_city`, `pst_state`, `pst_zip`, `pst_phone`, `pst_email`, `pst_url`, `pst_ytd_sales`, `pst_notes`) VALUES (09, 'Pet World', '45321 Long Rd.', 'Atlanta', 'GA', 56843, 939485765, 'unknown@gmail.com', 'www.petworld.com', 454545.45, NULL);
INSERT INTO `tdb17c`.`petstore` (`pst_id`, `pst_name`, `pst_street`, `pst_city`, `pst_state`, `pst_zip`, `pst_phone`, `pst_email`, `pst_url`, `pst_ytd_sales`, `pst_notes`) VALUES (10, 'Pet Universe', '93245 Party Rd.', 'Orlando', 'FA', 87653, 182938456, 'known@gmail.com', 'www.petuniverse.com', 4343434.43, NULL);

COMMIT;


-- -----------------------------------------------------
-- Data for table `tdb17c`.`customer`
-- -----------------------------------------------------
START TRANSACTION;
USE `tdb17c`;
INSERT INTO `tdb17c`.`customer` (`cus_id`, `cus_fname`, `cus_lname`, `cus_street`, `cus_city`, `cus_state`, `cus_zip`, `cus_phone`, `cus_email`, `cus_balance`, `cus_total_sales`, `cus_notes`) VALUES (01, 'John', 'Smith', '54234 Road Rd.', 'Talahasse', 'FL', 45343, 543454345, 'sup@gmail.com', 15000.00, 123321.00, NULL);
INSERT INTO `tdb17c`.`customer` (`cus_id`, `cus_fname`, `cus_lname`, `cus_street`, `cus_city`, `cus_state`, `cus_zip`, `cus_phone`, `cus_email`, `cus_balance`, `cus_total_sales`, `cus_notes`) VALUES (02, 'Mary', 'Jane', '43123 Street St', 'Talahasse', 'FL', 34567, 544334532, 'formal@gmail.com', 13000.00, 123444.00, NULL);
INSERT INTO `tdb17c`.`customer` (`cus_id`, `cus_fname`, `cus_lname`, `cus_street`, `cus_city`, `cus_state`, `cus_zip`, `cus_phone`, `cus_email`, `cus_balance`, `cus_total_sales`, `cus_notes`) VALUES (03, 'Seth', 'Bannon', '45623 Lone St.', 'Talahasse', 'FL', 75433, 876543234, 'informal@gmail.com', 3333.00, 43234.00, NULL);
INSERT INTO `tdb17c`.`customer` (`cus_id`, `cus_fname`, `cus_lname`, `cus_street`, `cus_city`, `cus_state`, `cus_zip`, `cus_phone`, `cus_email`, `cus_balance`, `cus_total_sales`, `cus_notes`) VALUES (04, 'Tyler', 'Thomp', '32123 Porod Rd.', 'Jacksonville', 'FL', 56432, 654534341, 'hopeful@gmail.com', 222.22, 3234.00, NULL);
INSERT INTO `tdb17c`.`customer` (`cus_id`, `cus_fname`, `cus_lname`, `cus_street`, `cus_city`, `cus_state`, `cus_zip`, `cus_phone`, `cus_email`, `cus_balance`, `cus_total_sales`, `cus_notes`) VALUES (05, 'Elizabeth', 'jones', 'Decided Rd.', 'Jacksonville', 'FL', 45675, 765645455, 'grateful@gmail.com', 4444.00, 6543.00, NULL);
INSERT INTO `tdb17c`.`customer` (`cus_id`, `cus_fname`, `cus_lname`, `cus_street`, `cus_city`, `cus_state`, `cus_zip`, `cus_phone`, `cus_email`, `cus_balance`, `cus_total_sales`, `cus_notes`) VALUES (06, 'Lilly', 'Mae', 'Aftrta Rd.', 'Orlando', 'FL', 43224, 345345345, 'ungrateful@gmail.com', 55555.00, 43456.00, NULL);
INSERT INTO `tdb17c`.`customer` (`cus_id`, `cus_fname`, `cus_lname`, `cus_street`, `cus_city`, `cus_state`, `cus_zip`, `cus_phone`, `cus_email`, `cus_balance`, `cus_total_sales`, `cus_notes`) VALUES (07, 'Alissa', 'Vasil', 'Antartica R.', 'Orlando', 'FL', 56753, 345543123, 'thestarz@gmail.com', 6666.00, 54345.00, NULL);
INSERT INTO `tdb17c`.`customer` (`cus_id`, `cus_fname`, `cus_lname`, `cus_street`, `cus_city`, `cus_state`, `cus_zip`, `cus_phone`, `cus_email`, `cus_balance`, `cus_total_sales`, `cus_notes`) VALUES (08, 'Robert', 'Downing', 'Back St.', 'Miami', 'FL', 45664, 234456543, 'playful@gmil.com', 11111.00, 6545.00, NULL);
INSERT INTO `tdb17c`.`customer` (`cus_id`, `cus_fname`, `cus_lname`, `cus_street`, `cus_city`, `cus_state`, `cus_zip`, `cus_phone`, `cus_email`, `cus_balance`, `cus_total_sales`, `cus_notes`) VALUES (09, 'Chris', 'Evens', 'Front St.', 'Miami', 'FL', 56543, 123345567, 'justify@gmail.com', 12345.00, 6543.00, NULL);
INSERT INTO `tdb17c`.`customer` (`cus_id`, `cus_fname`, `cus_lname`, `cus_street`, `cus_city`, `cus_state`, `cus_zip`, `cus_phone`, `cus_email`, `cus_balance`, `cus_total_sales`, `cus_notes`) VALUES (10, 'Scarlett', 'Johanson', 'lonking St.', 'Fort Lauderdale', 'FL', 43212, 543321345, 'knowledge@gmail.com', 9854.00, 23455.00, NULL);

COMMIT;


-- -----------------------------------------------------
-- Data for table `tdb17c`.`pet`
-- -----------------------------------------------------
START TRANSACTION;
USE `tdb17c`;
INSERT INTO `tdb17c`.`pet` (`pet_id`, `pst_id`, `cus_id`, `pet_sex`, `pet_type`, `pet_cost`, `pet_price`, `pet_age`, `pet_color`, `pet_sale_date`, `pet_vaccine`, `pet_neuter`, `pet_notes`) VALUES (01, 01, 01, 'f', 'lab', 900.00, 1000.00, 1, 'brown', '2014-06-03', 'y', 'n', NULL);
INSERT INTO `tdb17c`.`pet` (`pet_id`, `pst_id`, `cus_id`, `pet_sex`, `pet_type`, `pet_cost`, `pet_price`, `pet_age`, `pet_color`, `pet_sale_date`, `pet_vaccine`, `pet_neuter`, `pet_notes`) VALUES (02, 02, 02, 'm', 'golden retriver', 1200.00, 1400.00, 3, 'golden', '2015-03-22', 'n', 'n', NULL);
INSERT INTO `tdb17c`.`pet` (`pet_id`, `pst_id`, `cus_id`, `pet_sex`, `pet_type`, `pet_cost`, `pet_price`, `pet_age`, `pet_color`, `pet_sale_date`, `pet_vaccine`, `pet_neuter`, `pet_notes`) VALUES (03, 03, 03, 'f', 'snouzer', 500.00, 700.00, 2, 'black and white', '2016-07-30', 'y', 'n', NULL);
INSERT INTO `tdb17c`.`pet` (`pet_id`, `pst_id`, `cus_id`, `pet_sex`, `pet_type`, `pet_cost`, `pet_price`, `pet_age`, `pet_color`, `pet_sale_date`, `pet_vaccine`, `pet_neuter`, `pet_notes`) VALUES (04, 04, 04, 'm', 'mastive', 600.00, 800.00, 1, 'tan white', '2019-03-22', 'y', 'n', NULL);
INSERT INTO `tdb17c`.`pet` (`pet_id`, `pst_id`, `cus_id`, `pet_sex`, `pet_type`, `pet_cost`, `pet_price`, `pet_age`, `pet_color`, `pet_sale_date`, `pet_vaccine`, `pet_neuter`, `pet_notes`) VALUES (05, 05, 05, 'f', 'golden retriver', 2000.00, 2200.00, 2, 'light golden', '2020-01-01', 'y', 'y', NULL);
INSERT INTO `tdb17c`.`pet` (`pet_id`, `pst_id`, `cus_id`, `pet_sex`, `pet_type`, `pet_cost`, `pet_price`, `pet_age`, `pet_color`, `pet_sale_date`, `pet_vaccine`, `pet_neuter`, `pet_notes`) VALUES (06, 06, 06, 'm', 'german shepard', 1500.00, 1700.00, 1, 'brown and black', '2011-11-11', 'y', 'n', NULL);
INSERT INTO `tdb17c`.`pet` (`pet_id`, `pst_id`, `cus_id`, `pet_sex`, `pet_type`, `pet_cost`, `pet_price`, `pet_age`, `pet_color`, `pet_sale_date`, `pet_vaccine`, `pet_neuter`, `pet_notes`) VALUES (07, 07, 07, 'f', 'shitzu', 400.00, 600.00, 2, 'white', '2012-12-12', 'n', 'n', NULL);
INSERT INTO `tdb17c`.`pet` (`pet_id`, `pst_id`, `cus_id`, `pet_sex`, `pet_type`, `pet_cost`, `pet_price`, `pet_age`, `pet_color`, `pet_sale_date`, `pet_vaccine`, `pet_neuter`, `pet_notes`) VALUES (08, 08, 08, 'm', 'lab', 900.00, 1100.00, 3, 'black', '2013-12-22', 'y', 'y', NULL);
INSERT INTO `tdb17c`.`pet` (`pet_id`, `pst_id`, `cus_id`, `pet_sex`, `pet_type`, `pet_cost`, `pet_price`, `pet_age`, `pet_color`, `pet_sale_date`, `pet_vaccine`, `pet_neuter`, `pet_notes`) VALUES (09, 09, 09, 'f', 'lab/golden mix', 700.00, 900.00, 2, 'brown', '2018-11-24', 'y', 'n', NULL);
INSERT INTO `tdb17c`.`pet` (`pet_id`, `pst_id`, `cus_id`, `pet_sex`, `pet_type`, `pet_cost`, `pet_price`, `pet_age`, `pet_color`, `pet_sale_date`, `pet_vaccine`, `pet_neuter`, `pet_notes`) VALUES (10, 10, 10, 'm', 'german shepard', 650.00, 850.00, 1, 'brown and black', '2018-02-11', 'n', 'n', NULL);

COMMIT;

